name,link,desc,chef,prepTime,cooktime,total,ingredients,instructions,rating,num_of_reviews,calories,servings,fat,carb,protein,cholesterol,sodium,image
Thakkali chutney,http://www.sailusfood.com/thakkali-chutney-recipe-tamil-nadu-style/,"There’s always a joy in cooking and relishing homegrown produce like heirloom tomatoes minutes after they have been plucked off the plant. I have used heirloom or desi variety of tomatoes to make thakkali chutney. If the tomatoes are too tart, you can balance out the tanginess of the tomatoes by adding jaggery or sugar. Of course, red chillies bring in the required heat and when cooked through, all the flavours work together perfectly.",Sailaja Gudivada,5 min,30 min,NULL,"38615, 38616, 38617, 38618, 38619, 38620, 38621, 4045, 38622, 38623, 38624, 38625, 38626","Heat a tbsp of oil in a heavy bottomed vessel. Add cumin seeds and allow to splutter. Add crushed garlic cloves and red chillies and saute for at least 10-15 seconds on low flame.
Add the chopped tomatoes, jaggery and salt. Cook on high flame for 5 minutes. Reduce flame to low, place lid and cook till the tomatoes appear slightly mashed.
Remove lid and cook till the water has almost evaporated. Turn off heat and cool. Grind the cooked tomato mixture and fresh coconut to a paste and set aside.
Heat a tbsp of oil in the heavy bottomed vessel, add the mustard seeds and allow to splutter. Add curry leaves and saute for a few seconds.  Immediately add the ground tomato paste and 1/2 cup of water. Simmer on low flame for 7-8 minutes. Turn off heat.
Remove the thakkali chutney to a serving bowl. Garnish with fresh coriander leaves and serve with idli, dosa or chapathi.",NULL,NULL,NULL,4,NULL,NULL,NULL,NULL,NULL,http://www.sailusfood.com/wp-content/uploads/2017/04/thakkali-chutney.jpg
Mamidipandu Perugu Pachadi,http://www.sailusfood.com/mamidipandu-perugu-pachadi-andhra-sweet-mango-chutney/,Sailaja Gudivada,10 min,1 min,NULL,"38627, 38628, 4045, 38623, 38629, 38625, 38630, 38631, 38632","In a bowl, beat the chilled thick yogurt till smooth with a whisk. Add 1/4 cup water and mix well.
Add the chopped ripe mangoes and salt and mix well. 
Heat oil in a small pan, once hot, add mustard seeds and allow to splutter. Add the red chilis, asafoetida and curry leaves and saute for a few seconds and turn off heat.
Add this tempering to the curd-mango mixture and mix.
Chill in refrigerator until use. You can serve it as a meal by itself or as a side dish.",NULL,NULL,NULL,5,NULL,NULL,NULL,NULL,NULL,http://www.sailusfood.com/wp-content/uploads/2016/04/mamidipandu-perugu-pachadi.jpg
Mushroom fry,http://www.sailusfood.com/mushroom-fry-recipe-mushroom-recipes-indian/,"I have received many requests for mushroom recipes Indian style like mushroom masala, mushroom manchurian, chilli mushroom, mushroom biryani and of course andhra style mushroom dishes. I have decided to do a series on mushroom recipes for my dear readers and am starting off on a very simple yet extremely flavorful mushroom fry.",Sailaja Gudivada,20 min,20 min,NULL,"38633, 38634, 38635, 38636, 38637, 38638, 38639, 38640, 38641, 38642, 38643, 38644, 38645, 38646, 38647, 38648","Clean mushrooms of all its dirt, trim the stems and slice them. Place them in salted boiling water for 30 seconds. Strain and pat dry with a clean towel. 
Heat ghee in a cooking vessel and saute the sliced mushrooms for 6-7 mts on low medium flame. Remove from vessel and set aside.
In the same vessel, add the oil and heat it. Add the sliced onions and saute for 4-5 mts. Add ginger garlic paste and green chilis and saute for 5 more mts till oil separates.
Add turmeric powder, red chili powder, coriander powder and saunf powder and and mix. Add the chopped tomatoes and saute for 5-6 mts.
Add the sauteed mushrooms and mix well. Add few tbsps water, coconut milk and salt and mix. Simmer on low medium flame for 10 mts or till there is no moisture and has a semi wet or dry consistency.
Increase flame and saute for a mt, tossing the contents continuously so that it does not burn.
Add garam masala powder, freshly crushed pepper corns and lemon juice and mix. Turn off flame.
Remove to a serving bowl and garnish with fresh coriander leaves. Serve warm with chapati, roti or rice.",NULL,NULL,NULL,5,NULL,NULL,NULL,NULL,NULL,http://www.sailusfood.com/wp-content/uploads/2016/01/mushroom-fry.jpg
Mango Phirni,http://www.sailusfood.com/mango-phirni-recipe/,"The mango phirni recipe starts by boiling milk till it reduces to three fourth of its original quantity. Soaked raw rice paste that is diluted in milk is slowly added to the simmering milk and constantly stirred till the mixture is cooked through and thickens. Sugar, almond paste and cardamom are added in the final stage and cooked for a couple of more minutes. Once this mixture comes to room temperature, fresh mango puree is added and mixed to combine to a smooth consistency. It can eaten either warm or chilled. I like to serve chilled mango phirni that’s garnished with chopped pistachios.",Sailaja Gudivada,20 min,45 min,NULL,"38649, 38650, 21086, 38651, 16095, 38652, 38653, 38654","Bring the milk to a boil in a heavy bottomed vessel. Simmer till it reduces to 3/4 th of its original quantity.
While the milk is simmering, drain the soaked basmati rice and grind to a fine paste by adding 1/2 cup of the boiled milk. Remove to a vessel and set aside.
After the milk has reduced to 3/4th of its original quantity, slowly add the ground rice mixture and keep on stirring till it blends well into the milk and it starts to thicken.
Keep on stirring so that the bottom does not burn. The stirring could take anytime between 12-15 mts. Add almond paste, cardamom powder and sugar and continue to stir till the sugar dissolves and it forms a nice creamy mixture with no lumps. Turn off flame and allow to come to room temperature.
Add the mango puree to the phirni mixture and mix well. Remove to a serving bowl and chill until serving time. 
At the time of serving, ladle the phirni into serving bowls, garnish with chopped pistachios.",NULL,NULL,NULL,8,NULL,NULL,NULL,NULL,NULL,http://www.sailusfood.com/wp-content/uploads/2015/07/mango-phirni-recipe.jpg
Mango Chutney Recipe,http://www.sailusfood.com/mango-chutney-recipe/,"We have two mangoes trees in our backyard garden which give us enough yield to make pickles and enjoy the ripe mangoes. We usually make a large batch of avakai (Andhra mango pickle), sweet mango pickle and small batches of a variety of mango pickles from other regional cuisines of India like mango chutney and aam chunda.",Sailaja Gudivada,15 min,40 min,NULL,"38655, 12347, 38656, 38657, 38658, 38659, 38660, 38661, 38623, 38647, 38662, 38663, 38664, 38665, 38666","Wash the mangoes, dry and peel  them. Chop them into bite sized pieces or wedges. Set aside.
Grate the jaggery or pound it into small pieces. Set aside.
Heat oil in a heavy bottomed vessel and once hot, add methi seeds and allow to turn red. Next add black onion seeds, fennel seeds and cloves and allow to splutter and saute for few secs.
Next add the mango pieces and mix. Add turmeric powder and mix. Cook for 2 mts on low medium flame.
Place lid, reduce flame to low and cook the mangoes in their own steam for 6-7 mts. Next add red chili powder and salt and mix. 
Add water and place lid. Allow the mangoes to cook till almost done and chunks of mango are visible. This could take about 15-18 mts.
Add the jaggery and mix well. You will notice that the jaggery leaves water and the consistency of the chutney is thin. Cook without lid for another 10 mts or till the jaggery has completely melted and the sauce is getting thick.
Add red chili powder, roasted cumin powder and salt and mix well. Turn off flame and allow to cool. On cooling it will thicken.
Once the chutney has cooled, transfer to a sterilized air tight bottle and refrigerate for a few weeks.
Serve as a dip, spread or relish.",NULL,NULL,NULL,10,NULL,NULL,NULL,NULL,NULL,http://www.sailusfood.com/wp-content/uploads/2015/05/mango-chutney.jpg
Mawa peda,http://www.sailusfood.com/mawa-peda-how-to-make-mawa-peda/,"If using store bought mawa, this festive sweet is a breeze to put together. If made from scratch, khoya peda is a labour intensive process since preparing mawa at home does take a lot of time. I have already posted khoya recipe (also called as mawa) earlier. Prepare mawa and follow the instructions, step by step photos to learn how to make mawa peda at home.",Sailaja Gudivada,15 min,160 min,NULL,"38667, 38668, 38669, 38670, 38671, 38672, 38673","Prepare khoya by following khoya (mawa) recipe link provided above.
Add saffron strands to the warm milk and set aside.
Heat ghee in a wide shallow non-stick pan. Once it turns hot, add the crumbled mawa and saute for 3 mts on low flame, stirring continuously .
Add the milk and sugar and mix. It will get liquidy. Keep stirring on low flame. Add cardamom powder and mix.
Soon the mawa will thicken and leave the sides of the pan and form a large lumpy mixture. Turn off flame and allow the mixture to come to room temperature or warm enough for you to handle.
Grease your hands, make small balls and lightly flatten. Place a pistachio in the center and serve.",NULL,NULL,NULL,7,NULL,NULL,NULL,NULL,NULL,http://www.sailusfood.com/wp-content/uploads/2015/02/mawa-peda.jpg
Savory Muffins,http://www.sailusfood.com/savory-muffins-breakfast-recipe-kids/,"Today’s savory muffins recipe uses plain flour but since I make them often for my son, I use half a cup each of plain flour and whole wheat flour and 1/4 cup groud oats. I stock on corn and you will find a packet in my freezer at any given time and I also had some green peas to use up. So sweet corn kernels, green peas, green chili paste, coriander leaves and loads of cheese gave the muffins a lot of flavor. Soft, moist, cheesy and addictive. The variations are endless and few flavorful combinations that I usually make are spinach & corn/roasted bell peppers & corn/ sausages & eggs.",Sailaja Gudivada,10 min,18 min,NULL,"38674, 38675, 38612, 38676, 38677, 38678, 38679, 38680, 38681, 9447, 17299, 38682, 38683","Sieve the plain flour and baking powder, set aside.
In a mixing bowl, add olive oil, butter, salt, green chili paste and coriander leaves and mix well with a whisk. Slowly add the egg mixture and mix well.
Add half of the flour mixture and fold with a spatula. Next add half of the milk and gently fold to combine. Add the remaining flour and fold, followed by the rest of the milk.
Next add the boiled sweet corn kernels, green peas and grated cheese and fold to combine.
Spoon batter into paper cups or muffin pans that are lined with paper liners. Sprinkle some grated cheese on top (optional).
Bake at 180 C for 18-20mins or until a tooth pick inserted into the centre comes out clean. 
Best served hot or warm from the oven.",NULL,NULL,NULL,12,NULL,NULL,NULL,NULL,NULL,http://www.sailusfood.com/wp-content/uploads/2014/07/savory-muffins.jpg
Cauliflower Kootu,http://www.sailusfood.com/cauliflower-kootu-south-indian-recipe/,Sailaja Gudivada,20 min,40 min,NULL,"38684, 38685, 38686, 38687, 38688, 38689, 38639, 38690, 38691, 4045, 38692, 38625, 38626, 38693, 38647, 38694, 38695, 38696, 38697, 38698, 38699, 38700","Wash tur dal, add 1 1/2 cups of water and pressure cook the dal till soft and set aside. 
In a heavy bottomed vessel, dry roast all the ingredients (except coconut) called for kootu masala on low flame for 6-7 mts or till you get a nice aroma. Add grated coconut and roast for 3 mts and turn off flame. Cool and grind to a fine powder. Set aside.
Heat oil in the vessel, add mustard seeds and allow to splutter. Add curry leaves and asafoetida and saute for a few secs. 
Add the chopped onions and saute for 4 mts. Add turmeric powder and the chopped mixed vegetables and saute for 7-8 mts on low medium flame. Add the ground masala powder and mix well. Add tomatoes and saute for 4 to 5 mts. 
Add the cooked tur dal and green peas along with a cup of water and salt. Bring to a boil and simmer with lid for 8-10 mts or till the vegetables are three fourth cooked.
Add the tamarind extract along with a cup of water and cook on low-medium flame with lid for another 10-12 mts or till the rawness of tamarind disappears and the vegetables are fully cooked. Turn off flame and remove to a serving bowl.
Serve warm with rice and papad.",NULL,NULL,NULL,5,NULL,NULL,NULL,NULL,NULL,http://www.sailusfood.com/wp-content/uploads/2014/03/cauliflower-kootu.jpg
Espresso Chocolate Shortbread Cookies,http://www.sailusfood.com/espresso-chocolate-shortbread-cookies-recipe/,"The flavor of coffee in the shortbread deepens after a day or two. One of the best cookies I have had in a long time and and there is nothing I would suggest changing about this recipe, except, include a dash of salt and increase the amount of powdered sugar slightly. The cookies might appear underbaked as they do not change too much color, so do not overbake as the texture of the shortbread will be affected. You want a delicate soft texture. Look at the underside of the baked cookie and if it has a nice golden shade, its done.",Sailaja Gudivada,30 min,20 min,NULL,"38701, 38702, 38703, 38704, 38705, 38706, 38707, 38708","In a small bowl, mix the hot boiling water with instant coffee powder. Mix well and set aside to cool.
In a large bowl, beat the butter and powdered sugar for 3 minutes or until the mixture is smooth. Add vanilla extract and espresso mixture and beat till well combined.
Add the flour and on low speed beat till there is no trace of flour. Do not over mix it. Using a spatula, fold in the mini chocolate chips.
Transfer the soft dough to a large zipper-lock bag. Place the bag on your work surface and do not seal the bag. Take a rolling pin and roll the dough into a large rectangle (9""X10 1/2"") thats 1/4"" thick. Seal the bag while pressing out as much air as possible and refrigerate the dough for at least 2 hrs or for up to 2 days.
Preheat oven to 160C and place the rack in the middle of the oven. Line two baking sheets with parchment or aluminum foil.
Remove the zipper lock bag from the fridge and place on a cutting board and slit it open. Turn the firm dough out onto the board and cut out any shape of your choice using a cookie cutter or use a knife to cut into squares. Transfer the unbaked cookies to the baking sheets and bake them for 20 mts The shortbreads will not change much color and will appear pale. Transfer the cookies to a cooking rack and bring them to room temperature before serving.",NULL,NULL,NULL,24,NULL,NULL,NULL,NULL,NULL,http://www.sailusfood.com/wp-content/uploads/2013/11/espresso-shortbread-cookies.jpg
Nalla Karam Podi,http://www.sailusfood.com/nalla-karam-podi-recipe-andhra-style/,Sailaja Gudivada,15 min,20 min,NULL,"12951, 38709, 38710, 38711, 38712, 38713, 38714, 38715, 38660, 38716, 38717","Heat 1/2 tsp oil in a heavy bottomed vessel, add cumin seeds. Saute till brown and remove to a wide plate. 
In the same vessel, add 1/2 tsp oil. Once hot, reduce flame and add chana dal and roast till light brown. Remove to a plate.
In the same vessel, add 1/2 tsp oil, add black gram dal and roast well till the color changes on low flame. Remove to a plate.
In the same vessel, add 1/2 tsp oil, add red chilis and roast till dark in color and remove to a plate.
In the same vessel, add 1/2 tsp oil, add coriander seeds and roast till color changes to a dark brown shade. Remove to a plate.
In the same vessel, add 1/2 tsp oil, add curry leaves and saute till they change color. Do not burn them. Remove to a plate.
In the same vessel, add 1/2 tsp oil, add tamarind and lightly roast it for a few seconds. Cool all the roasted ingredients.
First grind the dals, red chilis, cumin and coriander seeds to a coarse powder. Add curry leaves and tamarind and grind for a few seconds. Do not grind too much.
Finally add raw garlic and salt and grind for 10-15 seconds. It should be a coarse powder as shown in the picture above.
Heat ghee in a vessel and add the coarsely ground powder to it and on very slow flame, roast the powder for 2 mts. Turn off flame and remove to a wide plate and cool.
Store in an air tight container. Serve as and when required with rice, idli and dosa.",NULL,NULL,NULL,10,NULL,NULL,NULL,NULL,NULL,http://www.sailusfood.com/wp-content/uploads/2013/08/nalla-karam-recipe.jpg
No Bake Chocolate Cheesecake,http://www.sailusfood.com/no-bake-chocolate-cheesecake-recipe/,"I’d suggest you make this recipe using Philadelphia cream cheese or Britannia cream cheese but you could use home made hung yogurt as a substitute if you cannot source cream cheese. To prepare hung yogurt, take two cups of yogurt/curd and place it in a sieve for a couple of hours to let the water drain. Use the water to knead chapati dough and use the hung curd in place of cream cheese. The original recipe called for digestive biscuits which I substituted with Britannia Marie biscuits.",Sailaja Gudivada,30 min,5 min,NULL,"38718, 38719, 38720, 38721, 38722, 38723, 38724, 38725, 38726, 38727, 38728, 38729, 38730","Grease the sides and bottom of a 12"" pan and keep aside. In a bowl, crush the digestive biscuits with a rolling pin and add the soft butter. Mix the crushed biscuits and butter with your fingers such that the mixture resembles coarse sand. Place this mixture in the base and sides of the greased tart pan and press with your fingers to about 1/3"" thickness. Chill the biscuit base for an hour.
While the base is chilling in the fridge, prepare the cheese cake mixture. In a small bowl, add the gelatin along with 3 tbsps cold water. Keep aside for a few minutes to allow it to bloom (the gelatin absorbs the water). Place the bowl over very low flame and stir till the gelatin dissolves. It should not boil. Turn off heat and cool. Keep aside.
To prepare the cheesecake, place the cream cheese, sugar and vanilla essnce in a large bowl. Using an electric mixer, beat together till it forms a smooth mixture. Add the gelatin mixture and mix well till incorporated. In a separate bowl, whip the whipping cream till peaks form and fold it into the cream cheese mixture.
Remove the tart pan from the fridge and pour the prepared cheesecake mixture over the biscuit base. Use a spatula to smooth out the top. Cover will a cling film or plastic wrap and place in freezer for at least two hours. 
Now prepare the ganache. Pour the cream into a stainless steel vessel and place over low heat. When bubbles appear along the edges, turn off heat. Add the grated chocolate and mix. Place lid and keep aside for 3 mts. After 3 mts, use a wooden spoon to stir in one direction such that the cream and chocolate blend together to form a smooth mixture and no trace of chocolate chunks are left. The chocolate should melt completely. Allow to cool for 15 mts at room temperature.
Remove the tart pan from fridge after two hours and pour the room temparature ganache over the set cheesecake. Cover with plastic wrap again. Set in fridge for at least 6 to 8 hours or overnight. 
Remove the tart pan from the fridge and place on a warm kitchen towel for 3 to 4 mts. This will help to slowly loosen the base of the tart pan. Carefully lift the base of the pan and place the chocolate cheesecake on a serving plate. Cut into wedges and serve.",NULL,NULL,NULL,8,NULL,NULL,NULL,NULL,NULL,http://www.sailusfood.com/wp-content/uploads/2013/05/no-bake-chocolate-cheesecake.jpg
Peas Pulao,http://www.sailusfood.com/peas-pulao-recipe/,Sailaja Gudivada,5 min,25 min,NULL,"38731, 38732, 38733, 38734, 38735, 38736, 38737, 38738, 38739, 38740, 38741, 4045, 38742, 38743","Heat ghee and oil in a pressure cooker or cooking vessel. Once hot, add cloves, cinnamon and bay leaf, allow to sizzle. Add sliced onions and green chilies and saute for 5 mts till translucent.
Add ginger garlic paste and mint leaves and saute for 3 mts. Add green peas, salt and sugar and mix. Add the washed and drained rice and mix. Saute the rice on low flame for 2 mts. Do not over mix as the rice might break.
Add water and bring to a boil. Reduce flame to low and place lid. Cook till the rice and peas are cooked, approx 15 mts. 
Remove lid, mix well and remove into a serving bowl. Garnish with coriander leaves and serve with a korma style curry and raita.",NULL,NULL,NULL,4,NULL,NULL,NULL,NULL,NULL,http://www.sailusfood.com/wp-content/uploads/2013/02/peas-pulao.jpg
Anglo Indian Meatball Curry,http://www.sailusfood.com/anglo-indian-meatball-curry-recipe/,Sailaja Gudivada,30 min,45 min,NULL,"38744, 38745, 38657, 38746, 38747, 38748, 38643, 38626, 9241, 8535, 4045, 38749, 38750, 38751, 38752, 38643, 38753, 38754, 38612","In a bowl, add the thoroughly washed and drained mutton kheema/minced meat. Add garam masala powder, salt, chopped green chilies and coriander leaves and mix well. Make small balls and keep aside.
Heat oil in a heavy bottomed vessel. Add curry leaves and chopped onions and saute for 4 mts on low to medium flame. Once the onions turn transparent, add the ginger garlic paste and saute for 3 mts.
Add red chili powder, coriander powder, cumin powder and turmeric powder. Mix. Add tomato puree and cook on low to medium flame for 7 mts or till the oil separates. 
Add salt to taste and garam masala powder and mix. Add 1 1/2 cups of water and bring to a boil. Allow to simmer for 6-7 mts.
Drop the minced meat balls carefully, one at a time, into the gravy and allow to cook on medium flame for 3 mts. Reduce flame, place lid and cook for 20 mts. 
Add coconut milk and cook for 2 mts and turn off heat.  
Serve warm with coconut rice.",NULL,NULL,NULL,5,NULL,NULL,NULL,NULL,NULL,http://www.sailusfood.com/wp-content/uploads/2012/12/meatballs-curry-coconut-rice.jpg
Appalu – Ganesh Chaturthi Recipe,http://www.sailusfood.com/appalu-andhra-sweet-recipe/,"Tomorrow we celebrate Ganesh Chaturthi and I have many of you writing in asking for some traditional festival recipes. I have already blogged a few Ganesh Chaturthi festival recipes like Undrallu, Kudumulu, Paala Undrallu and Biyyam Rava Kudumulu.",Sailaja Gudivada,5 min,15 min,NULL,"38755, 10752, 38756, 38757, 38758","Melt ghee and allow to come to room temperature. In a bowl, mix rice flour, sugar and ghee till it forms a smooth dough. (Initially add only 1 tbsp ghee and mix. If it appears like bread crumb mixture, add another 1-2 tsps ghee and mix. Only add more ghee if the dough needs to shaped to a lightly soft on touch dough)
If necessary, wet you hand with milk, to form a smooth yet slightly stiff dough. It should hold shape. If its not holding shape, add a few drops of milk, a little at a time.
Deep fry oil in a heavy bottomed vessel on medium flame. While the oil is heating up, grease your hand and make small lemon sized balls of the dough. Lightly flatten on top and place carefully into the hot oil.
Deep fry on medium flame till they attain a light brown color. Do not touch the appalu till they attain a light brown shade. Use the ladle to move them or flip them over to cook the other side only after they attain a light brown shade. Continue to deep fry till they reach a deep brown shade on a medium high flame but not high flame.
Remove onto absorbent paper and cool. Serve as neivedhyam/prasadam.",NULL,NULL,NULL,14,NULL,NULL,NULL,NULL,NULL,http://www.sailusfood.com/wp-content/uploads/2012/09/appalu.jpg
Dal Tadka,http://www.sailusfood.com/dal-tadka-recipe/,"I have prepared Dal Tadka using three types of Indian lentils – tur dal (red gram), chana dal (Bengal gram) and moong dal (yellow dal). You can use just tur dal or any two lentils like masoor dal or yellow moong dal, if you do not have all the three types of lentils on hand. I have used desi ghee (clarified butter) for tempering which gives a rustic flavor to the dal. You can use oil for a vegan version which will taste just as good. Authentic Dal Tadka recipe does not call for the use of curry leaves but I like the flavor of curry leaves and hence I threw in a few leaves in the tempering.",Sailaja Gudivada,10 min,15 min,NULL,"38759, 38760, 38761, 38762, 38763, 38764, 38765, 38766, 38767, 38692, 38617, 38768, 38769, 38770, 38640, 38771, 38772","In a pressure cooker, add 2 cups of water and add the three lentils/dals, green chilies, ginger, hing and turmeric pwd and pressure cook upto 3 whistles. If cooking over stove top, cook till the dals are almost cooked. Mash the dals lightly.
Heat ghee in a heavy bottomed vessel, add crushed coriander seeds and stir fry for few secs. Add the chopped tomato and saute for 4 mts. 
Add the pressure cooked dal along with salt and mix. Add a large cup of water and cook on slow to medium flame for 10 mts without lid or till you get the consistency of your choice. 
Remove onto a serving bowl and keep aside while you prepare the tempering.
Heat ghee in a small pan, add the cumin seeds and as they splutter, add hing, red chilies, green chili, red chili powder and curry leaves and saute for a few secs. Turn off heat and pour this over the dal. 
Serve with rotis or jeera pulao or white rice.",NULL,NULL,NULL,4,NULL,NULL,NULL,NULL,NULL,http://www.sailusfood.com/wp-content/uploads/2012/05/dal-tadka.jpg
Palak Pakoda ~ Spinach Fritters,http://www.sailusfood.com/palak-pakoda-spinach-fritters/,Palak Pakoda Recipe,Sailaja Gudivada,10 min,20 min,NULL,,"1
2
3",NULL,NULL,NULL,5,NULL,NULL,NULL,NULL,NULL,http://www.sailusfood.com/wp-content/uploads/2011/09/palak-pakoda.jpg
Aloo Paratha,http://www.sailusfood.com/aloo-paratha/,Aloo Parantha Recipe,Sailaja Gudivada,15 min,15 min,NULL,,"1
2
3
4
5
6",NULL,NULL,NULL,5,NULL,NULL,NULL,NULL,NULL,http://www.sailusfood.com/wp-content/uploads/2011/04/aloo-paratha.jpg
Vegetable Masala Toast,http://www.sailusfood.com/vegetable-masala-toast/,"Heat a tbsp of olive oil in a cooking vessel. Add a chopped onion and a chopped green chili and saute for 4 mts. Add one chopped capsicum and one grated carrot and saute for another 6 mts. Add salt to taste, 1/2 tsp red chili pwd and pinch of turmeric pwd. Mix well. Add a tbsp of tomato ketchup, a tbsp of lemon juice and chopped coriander leaves and mix. Turn of heat and remove onto a plate.",Sailaja Gudivada,5 min,12 min,NULL,,,NULL,NULL,NULL,3,NULL,NULL,NULL,NULL,NULL,http://www.sailusfood.com/wp-content/uploads/2010/11/vegetable-masala-toast.jpg
Idli Manchurian,http://www.sailusfood.com/idli-manchurian/,"This unusual yet unique fusion food that takes an Indo Chinese avatar is soft on the inside with a crisp exterior. Tossed in sauces and combined with bell peppers, the end result makes it hard to identify that the main ingredient is our humble Idli.",Sailaja Gudivada,10 min,20 min,NULL,,"1
2
3
4
5
6",NULL,NULL,NULL,4,NULL,NULL,NULL,NULL,NULL,http://www.sailusfood.com/wp-content/uploads/2010/08/idli-manchurian.jpg
Panchratan Dal,http://www.sailusfood.com/panchratan-dal/,Panchratan Dal Recipe,Sailaja Gudivada,5 min,30 min,NULL,,"1
2
3
4
5
6",NULL,NULL,NULL,5,NULL,NULL,NULL,NULL,NULL,http://www.sailusfood.com/wp-content/uploads/2010/05/dal-panchvati.jpg
Capsicum Tomato Curry,http://www.sailusfood.com/capsicum-tomato-curry/,Capsicum Tomato Curry Recipe,Sailaja Gudivada,10 min,30 min,NULL,,"1
2
3
4",NULL,NULL,NULL,5,NULL,NULL,NULL,NULL,NULL,http://www.sailusfood.com/wp-content/uploads/2010/04/capsicum-aur-tomato-sabji.jpg
Matar Paneer,http://www.sailusfood.com/matar-paneer/,Matar Paneer Recipe,Sailaja Gudivada,10 min,30 min,NULL,,"1
2
3
4
5",NULL,NULL,NULL,5,NULL,NULL,NULL,NULL,NULL,http://www.sailusfood.com/wp-content/uploads/2010/04/matar-paneer.jpg
Bread Chaat,http://www.sailusfood.com/bread-chaat/,"Bread Chaat Recipe ~ Use 2 days old bread, remove sides and cut into small pieces. For 4 slices of bread pieces, add 3-4 tbsps of beaten curd and combine. Keep aside for 10-15 mts.",Sailaja Gudivada,15 min,20 min,NULL,,,NULL,NULL,NULL,3,NULL,NULL,NULL,NULL,NULL,http://www.sailusfood.com/wp-content/uploads/2010/03/bread-chat.jpg
Hyderabadi Chicken Dum Biryani,http://www.sailusfood.com/hyderabadi-chicken-dum-biryani/,"A few things to keep in mind while preparing biryani. Use best quality aged Basmati rice, good quality chicken and the best saffron available. Marinate chicken for at least 4-6 hrs and if running out of time then two hours will do. No short cut methods and all the ingredients listed below are a MUST, in other words, there are no substitutes for the mentioned ingredients.",Sailaja Gudivada,30 min,60 min,NULL,,"1
2
3
4
5
6
7
8",NULL,NULL,NULL,5,NULL,NULL,NULL,NULL,NULL,http://www.sailusfood.com/wp-content/uploads/2010/02/hyderabadi-chicken-dum-biryani.jpg
High Raw Food ~ Apple Broccoli Cucumber Salad,http://www.sailusfood.com/high-raw-food-apple-broccoli-cucumber-salad/,Monday high raw food diet ~,Sailaja Gudivada,10 min,2 min,NULL,,,NULL,NULL,NULL,3,NULL,NULL,NULL,NULL,NULL,http://www.sailusfood.com/wp-content/uploads/2009/12/apple-broccoli-cucumber-salad.jpg
How to make Sambar Powder,http://www.sailusfood.com/how-to-make-sambar-powder/,"One such bookmarked recipe that I tried is sambar podi from Shri. Hemant Trivediâ€™s cookery website. Hemant ji (do not mistake him for the fashion designer who shares the same name) is a culinary expert on Indian cuisine, especially cuisines of South India and Gujarat. Do visit his website for some authentic, down-to-earth recipes that actually work. I have been following his stunning sambar podi recipe with great success and am happy to share it with you, dear readers.",Sailaja Gudivada,30 min,NULL,,"1
2
3",NULL,NULL,NULL,2,NULL,NULL,NULL,NULL,NULL,http://www.sailusfood.com/wp-content/uploads/2009/10/sambar-podi2.jpg
Royallu Vepudu – Prawn Stir Fry,http://www.sailusfood.com/royallu-vepudu-prawn-stir-fry/,"Straightforward recipe, simple preparation, few spices, incredible taste! Garam masala is an essential component of this recipe as it compliments the prawns perfectly.",Sailaja Gudivada,30 min,NULL,,"1
2
3",NULL,NULL,NULL,2,NULL,NULL,NULL,NULL,NULL,http://www.sailusfood.com/wp-content/uploads/2009/05/prawn-fry.jpg
Vankaya Chikkudu Ginjalu Mudda Kura – Brinjal Lima Beans Curry,http://www.sailusfood.com/vankaya-chikkudu-ginjalu-mudda-kura-brinjal-lima-beans-curry/,Prep & Cooking: 30 mts,Sailaja Gudivada,30 min,NULL,,"1
2
3
4
6",NULL,NULL,NULL,2,NULL,NULL,NULL,NULL,NULL,http://www.sailusfood.com/wp-content/uploads/2009/02/vankaya-chikkudu-kura.jpg
Beerakaya Nuvvu Kura – Ridge gourd Sesame Stir Fry,http://www.sailusfood.com/beerakaya-nuvvu-kura-ridge-gourd-sesame-stir-fry/,,Sailaja Gudivada,30 min,30 min,NULL,"38773, 38774, 38775, 38776, 38777, 1269, 38778, 38779, 38780, 38781, 38782, 38783, 38784","Sprinkle 3-4 tbsps of water to the ridge gourd pieces, salt and turmeric pwd and place lid. Cook on low to medium flame till the ridge gourd is almost cooked and the water evaporates.
1 While the ridge gourd is cooking, heat oil in a separate cooking vessel, add mustard seeds and let them splutter. Add cumin seeds, urad dal and red chillis and saute for a mt till the dal turn red and you get a nice aroma. Dont burn the spices. Add curry leaves, green chillis and onions and saute for 4-5 mts.
Add the cooked ridge gourd and combine. Cook on high to medium flame for 2-3 mts. Lower heat, add the roasted sesame seeds pwd and combine. Cook without lid for a mt and turn off heat. Serve hot with steamed rice or rotis.",NULL,NULL,NULL,2,NULL,NULL,NULL,NULL,NULL,http://www.sailusfood.com/wp-content/uploads/2008/11/beerakaaya-nuvvu-kura.jpg
Kanda Vadalu – Yam Vada,http://www.sailusfood.com/kanda-vadalu-yam-vada-suran-kebabs/,"As monsoon calls for deep-fried comfort food, it was Kanda Vadas on a rainy weekend. Simple recipe and the vadas taste best when eaten hot off the stove. Just ensure you clean raw kanda with several changes of water before boiling it till soft.",Sailaja Gudivada,30 min,NULL,,"1
2
3",NULL,NULL,NULL,2,NULL,NULL,NULL,NULL,NULL,http://www.sailusfood.com/wp-content/uploads/2008/09/kanda_vadalu.jpg
Cabbage Vepudu,http://www.sailusfood.com/cabbage-vepudu-fry/,,Sailaja Gudivada,30 min,30 min,NULL,"38785, 38786, 38777, 38787, 38788, 38789, 38790, 1269, 38791, 38792, 1525, 38793","Par-boil cabbage with pinch of turmeric and salt to taste. Drain and keep aside.
Heat oil in a cooking vessel, add the cumin seeds and let them turn brown. Add the garlic and curry leaves and saute for a few seconds.
Add the chopped onions and saute till transparent. Add chilli pwd, cumin pwd and coriander pwd and combine well.
Add the par-boiled cabbage and combine. Stir fry for a few more mts till the flavors blend and the cabbage retains a bit of crunch. Garnish with coriander leaves.
Serve with rice and rasam.",NULL,NULL,NULL,2,NULL,NULL,NULL,NULL,NULL
Gongura Mamsam,http://www.sailusfood.com/gongura-mutton-mutton-cooked-in-red-sorrel-leaves/,,Sailaja Gudivada,30 min,30 min,NULL,"38794, 38795, 38796, 38797, 38798, 38799, 38800, 38801, 38802, 38777, 38803, 38804, 38805, 38806, 38807, 38808, 38809, 38810, 38811","Marinate mutton pieces in curd, salt, turmeric pwd, chilli pwd, ginger garlic paste and lemon juice and keep aside for half an hour. Pressure cook till the mutton is half cooked.
Lightly dry roast the spices under â€˜garam masala pwdâ€™ for 3-4 mts and cool. Grind the spices to make a powder. Keep aside.
Heat oil in a heavy bottomed vessel. Add the onions and green chillis and saute till transparent.
Add the sauted onions to the pressure cooked mutton pieces and cook on high heat for 2-3 mts. Add coriander pwd, cumin pwd and garam masala pwd and combine well. Add a cup of water and adjust salt. Bring to a boil and reduce heat and cook for another 10-12 mts.
Add the washed gongura leaves by roughing tearing them and combine well. Place the lid and cook till the mutton has turned soft and the leaves have blended well with the mutton masala base.
Serve hot with white rice or rotis.",NULL,NULL,NULL,2,NULL,NULL,NULL,NULL,NULL
Sabudana Khichdi,http://www.sailusfood.com/sabudana-khichdi/,"Sabudana khichidi, a vrat ka khana (fasting food) and popular breakfast food, purely because of its simplicity and flavor. Softened medium sized sago pearls (sabudana/saggubiyyam/saboonari/javarisi) are combined with coarsely powdered roasted peanuts and sugar and constantly tossed in a seasoning of curry leaves, green chillis and cumin on a low heat. Potatoes are also added to enhance the flavor. Simple hearty food at its best that is flavorful and filling!",Sailaja Gudivada,30 min,NULL,,"1
2
3
4",NULL,NULL,NULL,2,NULL,NULL,NULL,NULL,NULL
Carrot Kothimira Pachadi,http://www.sailusfood.com/carrot-kothimira-pachadi/,,Sailaja Gudivada,30 min,30 min,NULL,"38812, 38813, 38814, 38815, 38816, 38779, 38817, 38818, 38819, 38820, 1269, 38821, 38822, 38823, 38824, 38825, 38826","Heat half a tbsp of oil in a non-stick pan. Add the garlic, cumin, split gram dal, bengal gram, red chillis and mustard seeds and stir on medium heat till the dals turn slightly red and a nice aroma emanates. Immediately remove the roasted spices, straining the left over oil and keep aside.
In the same pan, add a tsp of oil if required, add the slit green chilli and grated carrot and on medium flame saute till the rawness of carrot disappears (approx 3-4 mts). Remove and keep aside.
In the same pan, add another tsp of oil and saute the chopped coriander leaves for a minute. Remove from heat and cool.
Grind the roasted dal mixture first, followed by the sauteed carrot and coriander, jaggery along with salt, to a coarse paste without adding any water.
Heat oil in a pan for the tempering, add the mustard seeds, let them pop and add the split gram dal and curry leaves and fry till the dal turns red. Add this seasoning along with lemon juice to the ground pachadi. Serve with hot steamed rice.",NULL,NULL,NULL,2,NULL,NULL,NULL,NULL,NULL
Kothimira Kobbari Pachadi,http://www.sailusfood.com/kothimira-kobbari-pachadi-coriander-coconut-chutney/,"Coriander coconut chutney, is a variation to the traditional coconut chutney, that has a sweet-nutty flavor due to the coconut, coriander and peanuts and the green chillis balances the flavors by giving it a hint of spice. All you need to do is saute the greens and chillis, grind them along with fresh coconut and roasted peanuts and infuse with a seasoning of mustard seeds and fresh curry leaves giving it a fragrant touch.",Sailaja Gudivada,30 min,30 min,NULL,"38827, 38816, 38828, 38829, 38830, 38831, 38832, 1269, 38823, 38833, 38834, 38835","Heat a tsp of oil in a small pan. Add the cumin seeds and let them splutter. Add the green chillis and washed coriander leaves and stir fry for 2-3 mts till you get a nice aroma. Add the mint leaves and toss them about for a few seconds. Remove from heat and cool.
Grind the grated coconut, sautÃ©ed green chillies, coriander leaves, mint leaves and roasted peanuts along with salt, to a paste by adding about half a cup of water. A stone mortar is recommended to crush them but you can use a blender too.
Serve with dosas, idlis or vadas.",NULL,NULL,NULL,2,NULL,NULL,NULL,NULL,NULL
Soya Chunks-Vegetable Pulao,http://www.sailusfood.com/soya-chunks-vegetable-pulao/,Sailaja Gudivada,30 min,NULL,,"1
2
3
4
5
6
7
8",NULL,NULL,NULL,2,NULL,NULL,NULL,NULL,NULL
Palak Kofta – Vegetable Balls Served In Creamy Spinach Sauce,http://www.sailusfood.com/palak-kofta-vegetable-balls-served-in-creamy-spinach-sauce/,"Palak Kofta is one such rich Mughalai dish where koftas which are balls made with spinach, potatoes and paneer are deep-fried and cooked and served in a rich creamy sauce prepared with spinach, onions, tomatoes and cashewnut paste. Its a labor intensive dish but its worth the effort and makes a great main course party dish and goes well with butter naan and rotis.",Sailaja Gudivada,30 min,NULL,,,NULL,NULL,NULL,2,NULL,NULL,NULL,NULL,NULL
ARF #6- Bisi Bele Bath – Rice & Lentils Cooked With Vegetables and Spices,http://www.sailusfood.com/arf-6-bisi-bele-bath-rice-lentils-cooked-with-vegetables-and-spices/,Sailaja Gudivada,30 min,NULL,,,NULL,NULL,NULL,2,NULL,NULL,NULL,NULL,NULL,http://photos1.blogger.com/blogger/6981/1842/1600/bisi_bele_bath.jpg
Tomato Iguru Pachadi – Tangy chutney lightly seasoned with spices,http://www.sailusfood.com/tomato-iguru-pachadi-tangy-chutney-lightly-seasoned-with-spices/,"I had earlier posted a similar Andhra pachadi prepared with egg plant/brinjal,Vankaaya Pachadi,which is cooked on the same lines as tomato pachadi.Tamarind pulp is an essential ingredient in preparing most pachadis as it imparts a tangy-sour flavour to the pachadis but tomato pachadi is prepared without the tamarind pulp as tomatoes already have a tangy flavour.",Sailaja Gudivada,30 min,NULL,,,NULL,NULL,NULL,2,NULL,NULL,NULL,NULL,NULL
Protein Rich Parathas – Stuffed Parathas with Carrot filling,http://www.sailusfood.com/protein-rich-parathas-stuffed-parathas-with-carrot-filling/,"Here goes the recipe. Add some besan (chickpea flour) to the usual chapati dough. To 1 cup wheat flour add 1/4 cup besan, 1 tsp caraway seeds or cumin seeds, pinch of garam masala pwd, salt, 1 tsp oil and mix well. Add water to it and prepare the chapati dough. I also add some fresh methi leaves and coriander leaves while preparing the dough. Keep the dough aside for a few minutes.",Sailaja Gudivada,15 min,20 min,NULL,,,NULL,NULL,NULL,6,NULL,NULL,NULL,NULL,NULL,http://photos1.blogger.com/blogger/6981/1842/1600/stuffed%20paratha.jpg
